{
  "chromatogram": {
    "total": {
      "conc_mg_ml": {
        "median": 0.0092986477970318,
        "mean": 0.024891376730541058,
        "std": 0.02848471461808172,
        "iqr": 0.0331758228085874,
        "count": 5
      },
      "amount_mg_per_gDW": {
        "median": 0.1555893290683165,
        "mean": 0.35489275509447404,
        "std": 0.3919386837931472,
        "iqr": 0.42427796118653005,
        "count": 5
      }
    },
    "oxidized": {
      "conc_mg_ml": {
        "median": 0.0,
        "mean": 0.01789158968464592,
        "std": 0.03009768864334742,
        "iqr": 0.0200038242033785,
        "count": 5
      },
      "amount_mg_per_gDW": {
        "median": 0.0,
        "mean": 0.2497098100764698,
        "std": 0.4237414518845024,
        "iqr": 0.270321948694305,
        "count": 5
      }
    },
    "reduced": {
      "conc_mg_ml": {
        "median": 0.0412252909153935,
        "mean": 0.04785061532911525,
        "std": 0.023622919423276482,
        "iqr": 0.028726189341928,
        "count": 5
      },
      "amount_mg_per_gDW": {
        "median": 0.7768485085199663,
        "mean": 0.7106340894201812,
        "std": 0.3127141955161119,
        "iqr": 0.37251112886651405,
        "count": 5
      }
    }
  },
  "dad": {
    "predicted_total_mg_ml": {
      "median": 0.0135963150394397,
      "mean": 0.047217530652682645,
      "std": 0.058528140703939566,
      "iqr": 0.08241971309601481,
      "count": 5
    },
    "predicted_oxidized_mg_ml": {
      "median": -0.0234428408514384,
      "mean": 0.010305034254514801,
      "std": 0.057495687446532884,
      "iqr": 0.0565735385276519,
      "count": 5
    },
    "predicted_reduced_mg_ml": {
      "median": 0.065335300990525,
      "mean": 0.068108826182002,
      "std": 0.03108249797739501,
      "iqr": 0.0377538808683843,
      "count": 5
    },
    "predicted_total_mg_per_gDW": {
      "median": 0.1765755199927233,
      "mean": 0.6635063687815592,
      "std": 0.8079368930610277,
      "iqr": 1.050683403294637,
      "count": 5
    },
    "predicted_oxidized_mg_per_gDW": {
      "median": -0.3044524785901091,
      "mean": 0.10627279355238675,
      "std": 0.8417327065406233,
      "iqr": 0.8507623719839527,
      "count": 5
    },
    "predicted_reduced_mg_per_gDW": {
      "median": 1.104154667242737,
      "mean": 1.0125838681521333,
      "std": 0.4177604993655581,
      "iqr": 0.3480435916006521,
      "count": 5
    }
  }
}