{
  "features": [
    "cos_theta",
    "UVA_total",
    "UVB_total",
    "UVA_over_UVB",
    "P_UVA_mW_cm2",
    "P_UVB_mW_cm2",
    "UVA_norm",
    "UVB_norm"
  ],
  "mean": [
    0.0,
    43.71554183959961,
    0.5632789731025696,
    74.37946319580078,
    1.8214900493621826,
    0.5285835266113281,
    0.57186359167099,
    0.6882696151733398
  ],
  "std": [
    1.0,
    22.067522048950195,
    0.2175445258617401,
    14.491382598876953,
    0.9195156097412109,
    0.20415297150611877,
    0.2886926531791687,
    0.2658334970474243
  ]
}