dataset,measurement,term,sum_sq,df,F,PR(>F),eta_squared
chromatogram,ratio_conc_mg_ml,C(p_uva_mw_cm2),79.13353399477006,5.0,2.7303844736676552,0.1042591586710729,0.11190048608152728
chromatogram,ratio_conc_mg_ml,C(p_uvb_mw_cm2),2.4248986361610947,5.0,0.0836675079724065,0.7734951367022074,0.003428980387793529
chromatogram,ratio_conc_mg_ml,C(p_uva_mw_cm2):C(p_uvb_mw_cm2),312.6076610229204,25.0,2.1572121474138983,0.07245382885868341,0.4420496274510626
chromatogram,ratio_conc_mg_ml,Residual,313.01165655820546,54.0,,,0.44262090607961657
chromatogram,ratio_amount_mg_per_gDW,C(p_uva_mw_cm2),32.81318111116271,5.0,1.550073088791345,0.21850061499859355,0.06870772272823368
chromatogram,ratio_amount_mg_per_gDW,C(p_uvb_mw_cm2),20.393394436432704,5.0,0.9633705369171792,0.33071632396374673,0.04270185465039393
chromatogram,ratio_amount_mg_per_gDW,C(p_uva_mw_cm2):C(p_uvb_mw_cm2),195.74674303338512,25.0,1.8493894728870643,0.1187319989682483,0.409875315036655
chromatogram,ratio_amount_mg_per_gDW,Residual,228.62299756257536,54.0,,,0.47871510758471736
