metric,coef_intercept,coef_linear,coef_quadratic,p_linear,p_quadratic,r_squared,n_obs
chrom_total_mg_per_gDW,0.8809040437567499,0.13947538292097794,-0.12974033817056582,0.0046977945874628405,0.010804584719846229,0.3448984113490289,30
chrom_oxidized_mg_per_gDW,0.490463782665146,0.040660322640351895,-0.081370651824197,0.5082102610387196,0.2108392733969137,0.06328147713310839,30
chrom_reduced_mg_per_gDW,1.5955700731697267,0.28220650637708644,-0.18372329467957096,0.01615626930704359,0.12222158576480313,0.22452658151303329,30
dad_total_mg_per_gDW,1.70992080067253,0.2662347143097269,-0.23887685224773542,0.008630637583646359,0.02215919617510047,0.30145984453238706,30
dad_oxidized_mg_per_gDW,0.7434116551686809,0.16588646539672142,-0.15288665107929042,0.09567401478108448,0.14016407129948216,0.1408650656152396,30
dad_reduced_mg_per_gDW,2.1496382882849496,0.3680069034707222,-0.19321068045234727,0.022118104662680608,0.23389848210572547,0.19312383139245282,30
