{
  "intercept": 0.0016026879235266085,
  "slope": 0.4967217646459354,
  "intercept_se": 0.003211193701640975,
  "slope_se": 0.006126464503151869,
  "r_squared": 0.9992399655748401,
  "rmse": 0.005012114708404554,
  "degrees_of_freedom": 5,
  "n": 7
}