treatment,trim_fraction,sample_count,total_latent_mean_trimmed,total_latent_std_trimmed,total_latent_n_used,total_latent_se_median,oxidized_latent_mean_trimmed,oxidized_latent_std_trimmed,oxidized_latent_n_used,oxidized_latent_se_median,reduced_latent_mean_trimmed,reduced_latent_std_trimmed,reduced_latent_n_used,reduced_latent_se_median,dose_id,uva_mw_cm2,uvb_mw_cm2
treatment_1,0.2,5,0.8259586664709339,0.1462908579499511,3,0.0446463019080942,0.4458058245237565,0.1737871855729139,3,0.0564582210171518,1.391888412005273,0.6279159414045887,3,0.1147874381848128,dose_6,3.185,0.707
treatment_2,0.2,5,0.7703884531900113,0.1588399890691924,3,0.0446463019080942,0.2564118421200415,0.1179656580253241,3,0.0564582210171518,1.6468713683101186,0.7074711278564323,3,0.1147874381848128,dose_5,2.488,0.768
treatment_3,0.2,5,0.9575543551063278,0.0826953761086635,3,0.0446463019080942,0.6169439039471617,0.4544525358843931,3,0.0564582210171518,1.4865964185014873,0.0887429222233571,3,0.1147874381848128,dose_4,1.692,0.584
treatment_4,0.2,5,0.7483282619584828,0.12643908308259,3,0.0446463019080942,0.5277260798430093,0.3216082380312102,3,0.0564582210171518,1.2058464914293516,0.1139825808438405,3,0.1147874381848128,dose_3,1.095,0.338
treatment_5,0.2,5,0.6936283724299851,0.0963352538278375,3,0.0446463019080942,0.2717403996762782,0.0573585856702815,3,0.0564582210171518,1.3671005706503028,0.228173426510173,3,0.1147874381848128,dose_2,0.647,0.246
treatment_6,0.2,5,0.2810129500194107,0.263811430894916,3,0.0446463019080942,0.0427701813864519,0.2117961058264948,3,0.0564582210171518,0.7681672470958714,0.1953464449778804,3,0.1147874381848128,dose_1,0.0,0.0
