dose_id,uva_mw_cm2,uvb_mw_cm2,chrom_total_mg_per_gDW,dad_total_mg_per_gDW,dad_vs_chrom_ratio
dose_1,0.0,0.0,0.27379686988609,0.5202563375770172,1.900154438556817
dose_2,0.647,0.246,0.6702106062314132,1.4054024203995992,2.0969564004696397
dose_3,1.095,0.338,0.746940679793033,1.492350762046004,1.9979508445831518
dose_4,1.692,0.584,0.9855803035928415,1.8439993034629107,1.870978241692516
dose_5,2.488,0.768,0.8071596303191209,1.4396078592597448,1.7835478945974756
dose_6,3.185,0.707,0.8313635728597397,1.5849377565495193,1.9064315641081329
