dataset,measurement,term,coef,pvalue,r_squared,adj_r_squared
chromatogram,conc_mg_ml,Intercept,0.032001001366619555,0.004274530700060028,0.09902659190574681,0.06759728697222633
chromatogram,conc_mg_ml,p_uva_mw_cm2,0.006810561203445342,0.7968978750670521,0.09902659190574681,0.06759728697222633
chromatogram,conc_mg_ml,p_uvb_mw_cm2,0.07345786956545586,0.18463620314089801,0.09902659190574681,0.06759728697222633
chromatogram,conc_mg_ml,p_uva_mw_cm2:p_uvb_mw_cm2,-0.01648927487945532,0.5407064813413435,0.09902659190574681,0.06759728697222633
chromatogram,amount_mg_per_gDW,Intercept,0.44306397565390726,0.0044933702093084915,0.09708862442515964,0.06559171597487445
chromatogram,amount_mg_per_gDW,p_uva_mw_cm2,0.09696129349591415,0.792474519723972,0.09708862442515964,0.06559171597487445
chromatogram,amount_mg_per_gDW,p_uvb_mw_cm2,1.3528085115397888,0.08052606564370199,0.09708862442515964,0.06559171597487445
chromatogram,amount_mg_per_gDW,p_uva_mw_cm2:p_uvb_mw_cm2,-0.3702881892258765,0.32476278502930744,0.09708862442515964,0.06559171597487445
