treatment,sample_count,trim_fraction,dad_total_mg_per_gDW_mean_trimmed,dad_total_mg_per_gDW_std_trimmed,dad_total_mg_per_gDW_median,dad_total_mg_per_gDW_mad,dad_total_mg_per_gDW_n_used,dad_oxidized_mg_per_gDW_mean_trimmed,dad_oxidized_mg_per_gDW_std_trimmed,dad_oxidized_mg_per_gDW_median,dad_oxidized_mg_per_gDW_mad,dad_oxidized_mg_per_gDW_n_used,dad_reduced_mg_per_gDW_mean_trimmed,dad_reduced_mg_per_gDW_std_trimmed,dad_reduced_mg_per_gDW_median,dad_reduced_mg_per_gDW_mad,dad_reduced_mg_per_gDW_n_used
treatment_1,5,0.2,1.5849377565495193,0.32448741636428785,1.6128122464575525,0.3653999654700957,3,0.7654051137655965,0.30827160334164444,0.8328480660453716,0.27298291940065544,3,1.9128785623277487,0.7521900784747159,2.0613229460092883,0.9637894485135934,3
treatment_2,5,0.2,1.4396078592597448,0.28321817481955225,1.429085617908778,0.2988549013514634,3,0.3675817747447733,0.230460144318207,0.4727203472340024,0.3694182471194024,3,2.0926354579520665,0.7242996439060781,1.8178220937899336,1.0064659538618028,3
treatment_3,5,0.2,1.8439993034629107,0.1758921052111392,1.7794778301397156,0.2635628062355546,3,0.9507189731815124,0.6915156315612337,0.9356581591332256,0.7139838357304726,3,2.0255862997890524,0.15296469027963702,1.9677996702741165,0.23122656498462524,3
treatment_4,5,0.2,1.4923507620460041,0.16543043749890135,1.5548722768855183,0.2501009364926483,3,0.7930144626982226,0.4486079503311511,0.8972831299621381,0.5631396756775827,3,1.7065991751503304,0.07464768135354849,1.6708304874186437,0.09715607264500781,3
treatment_5,5,0.2,1.4054024203995992,0.17146367825560868,1.4809625425406014,0.27182612554542307,3,0.3770185585136998,0.06901199945403165,0.3659730977620088,0.0849140353042705,3,1.9411383648794907,0.3131195708110819,1.862448680826068,0.3644213485217216,3
treatment_6,5,0.2,0.5202563375770172,0.6037973847005771,0.1765755199927233,0.227710441897443,3,-0.11420463116000706,0.4561741290173972,-0.3044524785901091,0.27179324130494303,3,1.0497396879306968,0.18028956679108668,1.104154667242737,0.2556442647683863,3
