{
  "mean_reflectance vs dad_total_mg_per_gDW_mean_trimmed": {
    "pearson_r": -0.31201077377328335,
    "pearson_p": 0.547171076537678,
    "spearman_rho": -0.14285714285714288,
    "spearman_p": 0.7871720116618075
  },
  "median_reflectance vs dad_total_mg_per_gDW_mean_trimmed": {
    "pearson_r": -0.291658663189289,
    "pearson_p": 0.5749169446151775,
    "spearman_rho": -0.14285714285714288,
    "spearman_p": 0.7871720116618075
  },
  "area_reflectance vs dad_total_mg_per_gDW_mean_trimmed": {
    "pearson_r": -0.3120107737732835,
    "pearson_p": 0.5471710765376778,
    "spearman_rho": -0.14285714285714288,
    "spearman_p": 0.7871720116618075
  },
  "min_reflectance vs dad_total_mg_per_gDW_mean_trimmed": {
    "pearson_r": -0.47476701404105376,
    "pearson_p": 0.34135660392286554,
    "spearman_rho": -0.2571428571428572,
    "spearman_p": 0.6227871720116618
  },
  "max_reflectance vs dad_total_mg_per_gDW_mean_trimmed": {
    "pearson_r": -0.2270540965893712,
    "pearson_p": 0.665271578927206,
    "spearman_rho": 0.08571428571428573,
    "spearman_p": 0.8717434402332361
  },
  "range_reflectance vs dad_total_mg_per_gDW_mean_trimmed": {
    "pearson_r": 0.2765541611850444,
    "pearson_p": 0.5957444941183436,
    "spearman_rho": 0.3714285714285715,
    "spearman_p": 0.46847813411078715
  },
  "mean_reflectance vs dad_oxidized_mg_per_gDW_mean_trimmed": {
    "pearson_r": -0.3931475421391123,
    "pearson_p": 0.4406621097293418,
    "spearman_rho": -0.5428571428571429,
    "spearman_p": 0.26570262390670557
  },
  "median_reflectance vs dad_oxidized_mg_per_gDW_mean_trimmed": {
    "pearson_r": -0.37531642121912745,
    "pearson_p": 0.46345935710690234,
    "spearman_rho": -0.5428571428571429,
    "spearman_p": 0.26570262390670557
  },
  "area_reflectance vs dad_oxidized_mg_per_gDW_mean_trimmed": {
    "pearson_r": -0.39314754213911257,
    "pearson_p": 0.44066210972934117,
    "spearman_rho": -0.5428571428571429,
    "spearman_p": 0.26570262390670557
  },
  "min_reflectance vs dad_oxidized_mg_per_gDW_mean_trimmed": {
    "pearson_r": -0.539302424357878,
    "pearson_p": 0.2694736378631336,
    "spearman_rho": -0.6,
    "spearman_p": 0.20799999999999982
  },
  "max_reflectance vs dad_oxidized_mg_per_gDW_mean_trimmed": {
    "pearson_r": -0.3059755318249325,
    "pearson_p": 0.5553595738843325,
    "spearman_rho": -0.3714285714285715,
    "spearman_p": 0.46847813411078715
  },
  "range_reflectance vs dad_oxidized_mg_per_gDW_mean_trimmed": {
    "pearson_r": 0.18715347243013436,
    "pearson_p": 0.722547449629557,
    "spearman_rho": -0.08571428571428573,
    "spearman_p": 0.8717434402332361
  },
  "mean_reflectance vs dad_reduced_mg_per_gDW_mean_trimmed": {
    "pearson_r": -0.09613166706939531,
    "pearson_p": 0.856246690059031,
    "spearman_rho": 0.14285714285714288,
    "spearman_p": 0.7871720116618075
  },
  "median_reflectance vs dad_reduced_mg_per_gDW_mean_trimmed": {
    "pearson_r": -0.07694590706372703,
    "pearson_p": 0.8848089251667599,
    "spearman_rho": 0.14285714285714288,
    "spearman_p": 0.7871720116618075
  },
  "area_reflectance vs dad_reduced_mg_per_gDW_mean_trimmed": {
    "pearson_r": -0.09613166706939545,
    "pearson_p": 0.8562466900590308,
    "spearman_rho": 0.14285714285714288,
    "spearman_p": 0.7871720116618075
  },
  "min_reflectance vs dad_reduced_mg_per_gDW_mean_trimmed": {
    "pearson_r": -0.25221991319101805,
    "pearson_p": 0.6296926005504789,
    "spearman_rho": -0.14285714285714288,
    "spearman_p": 0.7871720116618075
  },
  "max_reflectance vs dad_reduced_mg_per_gDW_mean_trimmed": {
    "pearson_r": -0.02637249725043088,
    "pearson_p": 0.9604504252738222,
    "spearman_rho": 0.2,
    "spearman_p": 0.704
  },
  "range_reflectance vs dad_reduced_mg_per_gDW_mean_trimmed": {
    "pearson_r": 0.39597510928299995,
    "pearson_p": 0.437081049549488,
    "spearman_rho": 0.4285714285714286,
    "spearman_p": 0.3965014577259474
  }
}