metric,label,rmse,isotonic_values,residuals
chrom_total,Chromatogram Total,0.05605670526616247,0.274; 0.670; 0.747; 0.881; 0.881; 0.881,+0.000; +0.000; +0.000; +0.105; -0.074; -0.050
chrom_oxidized,Chromatogram Oxidized,0.11902577890140564,0.090; 0.269; 0.451; 0.451; 0.451; 0.451,+0.000; +0.000; +0.093; +0.160; -0.218; -0.058
chrom_reduced,Chromatogram Reduced,0.11866686823428255,0.740; 1.261; 1.261; 1.518; 1.600; 1.600,+0.000; +0.079; -0.079; +0.000; +0.190; -0.190
dad_total,DAD Total,0.11833132377746407,0.520; 1.405; 1.492; 1.628; 1.628; 1.628,+0.000; +0.000; +0.000; +0.216; -0.189; -0.043
dad_oxidized,DAD Oxidized,0.17439394097431657,-0.114; 0.377; 0.691; 0.691; 0.691; 0.765,+0.000; +0.000; +0.102; +0.260; -0.323; +0.000
dad_reduced,DAD Reduced,0.08565709675413524,1.050; 1.824; 1.824; 2.008; 2.008; 2.008,+0.000; +0.117; -0.117; +0.017; +0.084; -0.095
