form,measurement,anova_F,anova_p,eta_squared,kruskal_H,kruskal_p,n_groups
total,ratio_conc_mg_ml,2.39014379230168,0.06793147380249864,0.33241947050638276,5.903225806451616,0.3157496734894753,6
total,ratio_amount_mg_per_gDW,2.7260730848312122,0.04352134410287729,0.36221719535591657,7.725161290322575,0.17204716838142448,6
reduced,ratio_conc_mg_ml,2.2867335579924126,0.07803915982522618,0.32267807718175545,8.716129032258053,0.1209367435178312,6
reduced,ratio_amount_mg_per_gDW,1.9089055569800908,0.13016486491092794,0.28453307931783656,8.778064516129035,0.11825064187381315,6
