dataset,measurement,term,sum_sq,df,F,PR(>F),eta_squared
chromatogram,z_conc_mg_ml,C(p_uva_mw_cm2),57.15205058611723,5.0,4.945813836561668,0.02883724917368231,0.13027128334993202
chromatogram,z_conc_mg_ml,C(p_uvb_mw_cm2),40.10287664397717,5.0,3.470415499665152,0.06597089417063268,0.09140972463556611
chromatogram,z_conc_mg_ml,C(p_uva_mw_cm2):C(p_uvb_mw_cm2),147.32594781814493,25.0,2.549853255415961,0.03373825264378704,0.3358119279394125
chromatogram,z_conc_mg_ml,Residual,194.1347736845407,84.0,,,0.44250706407508944
chromatogram,z_amount_mg_per_gDW,C(p_uva_mw_cm2),22.29232128931002,5.0,1.8401806223665755,0.17856453608036485,0.0561278263072634
chromatogram,z_amount_mg_per_gDW,C(p_uvb_mw_cm2),22.53716401946081,5.0,1.860391835084332,0.1762233210156634,0.05674429374697726
chromatogram,z_amount_mg_per_gDW,C(p_uva_mw_cm2):C(p_uvb_mw_cm2),148.82248657397426,25.0,2.4569918261241215,0.0396526268768667,0.37470672383699555
chromatogram,z_amount_mg_per_gDW,Residual,203.51860741733395,84.0,,,0.5124211561087638
