dataset,measurement,term,coef,pvalue,r_squared,adj_r_squared
chromatogram,ratio_conc_mg_ml,Intercept,2.0584743137193833,0.006081020376494955,0.1594647122847518,0.11443603615714915
chromatogram,ratio_conc_mg_ml,p_uva_mw_cm2,0.47260994499051523,0.7877127759489133,0.1594647122847518,0.11443603615714915
chromatogram,ratio_conc_mg_ml,p_uvb_mw_cm2,5.190928297541234,0.15903797806440717,0.1594647122847518,0.11443603615714915
chromatogram,ratio_conc_mg_ml,p_uva_mw_cm2:p_uvb_mw_cm2,-1.1632119596691821,0.5155374293403724,0.1594647122847518,0.11443603615714915
chromatogram,ratio_amount_mg_per_gDW,Intercept,1.6275662312153754,0.010588593218761357,0.1432796471758513,0.09738391398884327
chromatogram,ratio_amount_mg_per_gDW,p_uva_mw_cm2,0.44027583410407395,0.7685746904831929,0.1432796471758513,0.09738391398884327
chromatogram,ratio_amount_mg_per_gDW,p_uvb_mw_cm2,5.4500459746095515,0.08423995167431672,0.1432796471758513,0.09738391398884327
chromatogram,ratio_amount_mg_per_gDW,p_uva_mw_cm2:p_uvb_mw_cm2,-1.5448200897927848,0.3123830196400598,0.1432796471758513,0.09738391398884327
