dataset,measurement,term,coef,pvalue,r_squared,adj_r_squared
chromatogram,pct_conc_mg_ml,Intercept,105.84743137193833,0.14815784190614226,0.15946471228475168,0.11443603615714903
chromatogram,pct_conc_mg_ml,p_uva_mw_cm2,47.260994499051606,0.787712775948913,0.15946471228475168,0.11443603615714903
chromatogram,pct_conc_mg_ml,p_uvb_mw_cm2,519.0928297541237,0.15903797806440698,0.15946471228475168,0.11443603615714903
chromatogram,pct_conc_mg_ml,p_uva_mw_cm2:p_uvb_mw_cm2,-116.32119596691824,0.5155374293403724,0.15946471228475168,0.11443603615714903
chromatogram,pct_amount_mg_per_gDW,Intercept,62.7566231215376,0.31222115479896223,0.14327964717585118,0.09738391398884316
chromatogram,pct_amount_mg_per_gDW,p_uva_mw_cm2,44.0275834104073,0.7685746904831934,0.14327964717585118,0.09738391398884316
chromatogram,pct_amount_mg_per_gDW,p_uvb_mw_cm2,545.0045974609554,0.0842399516743165,0.14327964717585118,0.09738391398884316
chromatogram,pct_amount_mg_per_gDW,p_uva_mw_cm2:p_uvb_mw_cm2,-154.48200897927848,0.3123830196400598,0.14327964717585118,0.09738391398884316
