dose_id,uva_mw_cm2,uvb_mw_cm2,n_replicates,chrom_total_mg_per_gDW_trimmed_mean,chrom_total_mg_per_gDW_trimmed_sd,chrom_total_mg_per_gDW_ci_low,chrom_total_mg_per_gDW_ci_high,chrom_oxidized_mg_per_gDW_trimmed_mean,chrom_oxidized_mg_per_gDW_trimmed_sd,chrom_oxidized_mg_per_gDW_ci_low,chrom_oxidized_mg_per_gDW_ci_high,chrom_reduced_mg_per_gDW_trimmed_mean,chrom_reduced_mg_per_gDW_trimmed_sd,chrom_reduced_mg_per_gDW_ci_low,chrom_reduced_mg_per_gDW_ci_high,dad_total_mg_per_gDW_trimmed_mean,dad_total_mg_per_gDW_trimmed_sd,dad_total_mg_per_gDW_ci_low,dad_total_mg_per_gDW_ci_high,dad_oxidized_mg_per_gDW_trimmed_mean,dad_oxidized_mg_per_gDW_trimmed_sd,dad_oxidized_mg_per_gDW_ci_low,dad_oxidized_mg_per_gDW_ci_high,dad_reduced_mg_per_gDW_trimmed_mean,dad_reduced_mg_per_gDW_trimmed_sd,dad_reduced_mg_per_gDW_ci_low,dad_reduced_mg_per_gDW_ci_high
dose_1,0.0,0.0,5,0.27379686988609,0.2355476896867997,0.0797916565483486,0.6810508025301946,0.0901073162314349,0.1560704498465212,0.0,0.5099368597280475,0.7400488048032302,0.1889624272906675,0.446985099559135,0.9671333435825707,0.5202563375770172,0.6037973847005771,0.0923911434183598,1.4142582163714768,-0.114204631160007,0.4561741290173972,-0.5323177777423456,0.7570512639557903,1.0497396879306968,0.1802895667910866,0.6639800787982805,1.3026533841244197
dose_2,0.647,0.246,5,0.6702106062314132,0.1112386744897307,0.5425370759693066,0.900847861988714,0.268739936889168,0.061742192539557,0.2030088342149299,0.3930508616515517,1.3406081155789291,0.2327910359189839,1.0968680287107302,1.9814399042006627,1.4054024203995992,0.1714636782556086,1.1925481503569468,1.8328609576558976,0.3770185585136998,0.0690119994540316,0.2598465888203626,0.523349088297359,1.9411383648794909,0.3131195708110819,1.6194116379088055,2.748061302718591
dose_3,1.095,0.338,5,0.746940679793033,0.1600769252777223,0.550123689607013,0.980512499216695,0.5445087237422649,0.3518020972945336,0.1122756947941592,0.9454591839711892,1.1817486605532,0.164271045065307,0.9384384043308506,1.3717867471627263,1.492350762046004,0.1654304374989013,1.2657454972537214,1.820045195592123,0.7930144626982226,0.4486079503311511,0.237435108990899,1.367050548784425,1.7065991751503304,0.0746476813535484,1.6013050961243012,1.887705935494307
