state,sample_count,chrom_mean,dad_mean,mean_difference,std_difference,mean_ratio,std_ratio,t_statistic,t_pvalue,slope,intercept,r_value,regression_pvalue
total,30,0.7297141931715262,1.4315512811471274,0.7018370879756013,0.3411058517009693,1.940377396144787,0.3060359164784776,11.269581065849604,4.1004921268926664e-12,1.9278634625877262,0.024761950000059985,0.9585024665509423,8.528422196041452e-17
oxidized,30,0.3956404080324318,0.5652487934165814,0.16960838538414985,0.27221356882898734,1.773540485325176,0.9868021155820029,3.4127005136650586,0.001916000027237241,1.56686153056816,-0.05466494186772597,0.9470524804625965,2.4076127396389518e-15
reduced,30,1.3814724543157384,1.9244847676377612,0.5430123133220225,0.36377104488260387,1.4213996207566333,0.18665668967793742,8.176024375593666,5.142947465742398e-09,1.2769617548736565,0.1603972780651186,0.9452082874421001,3.84396259217508e-15
